img,correctAns
./images/zaba011.jpg,black
./images/zabu02w4.jpg,black
./images/zawa90d3.jpg,white
./images/zawu02w4.jpg,white
./images/zbba05d1.jpg,black
./images/zbba923.jpg,black
./images/zbbu07p4.jpg,black
./images/zbbu98p1.jpg,black
./images/zbwa012.jpg,white
./images/zbwa08d5.jpg,white
./images/zbwu06p1.jpg,white
./images/zbwu90c3.jpg,white
./images/zcba03d5.jpg,black
./images/zcbu90p5.jpg,black
./images/zcwa935.jpg,white
./images/zcwu97p4.jpg,white
./images/zdba022.jpg,black
./images/zdbu03c3.jpg,black
./images/zdwa94d1.jpg,white
./images/zdwu95w2.jpg,white
./images/zeba045.jpg,black
./images/zebu10p1.jpg,black
./images/zewa921.jpg,white
./images/zewu96w1.jpg,white
./images/zfba90d3.jpg,black
./images/zfbu92w1.jpg,black
./images/zfwa911.jpg,white
./images/zfwu01p4.jpg,white
./images/zgba072.jpg,black
./images/zgba103.jpg,black
./images/zgbu04p3.jpg,black
./images/zgbu08w1.jpg,black
./images/zgwa02d4.jpg,white
./images/zgwa06d2.jpg,white
./images/zgwu07w2.jpg,white
./images/zgwu99p2.jpg,white
./images/zhba94d1.jpg,black
./images/zhbu05c5.jpg,black
./images/zhwa03d2.jpg,white
./images/zhwu05p5.jpg,white
./images/ziba08d5.jpg,black
./images/ziba972.jpg,black
./images/zibu01p2.jpg,black
./images/zibu09p5.jpg,black
./images/ziwa05d2.jpg,white
./images/ziwa073.jpg,white
./images/ziwu04p2.jpg,white
./images/ziwu08p3.jpg,white
./images/zjba094.jpg,black
./images/zjbu97c1.jpg,black
./images/zjwa04d1.jpg,white
./images/zjwu03c5.jpg,white
./images/zkba131.jpg,black
./images/zkba99d4.jpg,black
./images/zkbu11w2.jpg,black
./images/zkbu16c3.jpg,black
./images/zkwa152.jpg,white
./images/zkwa97d3.jpg,white
./images/zkwu11p4.jpg,white
./images/zkwu13p1.jpg,white
./images/zlba931.jpg,black
./images/zlbu12p4.jpg,black
./images/zlwa953.jpg,white
./images/zlwu16c1.jpg,white
./images/zmba96d2.jpg,black
./images/zmbu91c4.jpg,black
./images/zmwa98d5.jpg,white
./images/zmwu94c1.jpg,white
./images/znba11d5.jpg,black
./images/znbu94p4.jpg,black
./images/znwa16d3.jpg,white
./images/znwu19c3.jpg,white
./images/zoba125.jpg,black
./images/zobu96w2.jpg,black
./images/zowa195.jpg,white
./images/zowu91w3.jpg,white
./images/zpba95d3.jpg,black
./images/zpbu99w5.jpg,black
./images/zpwa14d1.jpg,white
./images/zpwu98w5.jpg,white
./images/zqba91d4.jpg,black
./images/zqbu13p3.jpg,black
./images/zqwa11d4.jpg,white
./images/zqwu15w2.jpg,white
./images/zrba141.jpg,black
./images/zrba164.jpg,black
./images/zrbu17w3.jpg,black
./images/zrbu93c1.jpg,black
./images/zrwa134.jpg,white
./images/zrwa964.jpg,white
./images/zrwu14p3.jpg,white
./images/zrwu92c2.jpg,white
./images/zsba17d3.jpg,black
./images/zsbu95c2.jpg,black
./images/zswa174.jpg,white
./images/zswu93c4.jpg,white
./images/ztba98d2.jpg,black
./images/ztbu14p2.jpg,black
./images/ztwa995.jpg,white
./images/ztwu17p5.jpg,white
